Middle SOA code,Middle SOA name,LSOA.CODE,Lower SOA name,Ward name
E02005221,Lancaster 001,E01025088,Lancaster 001A,Bolton-le-Sands
E02005221,Lancaster 001,E01025088,Lancaster 001A,Bolton-le-Sands
E02005221,Lancaster 001,E01025088,Lancaster 001A,Bolton-le-Sands
E02005221,Lancaster 001,E01025088,Lancaster 001A,Bolton-le-Sands
E02005221,Lancaster 001,E01025096,Lancaster 001B,Carnforth
E02005221,Lancaster 001,E01025096,Lancaster 001B,Carnforth
E02005221,Lancaster 001,E01025096,Lancaster 001B,Carnforth
E02005221,Lancaster 001,E01025096,Lancaster 001B,Carnforth
E02005221,Lancaster 001,E01025096,Lancaster 001B,Carnforth
E02005221,Lancaster 001,E01025097,Lancaster 001C,Carnforth
E02005221,Lancaster 001,E01025097,Lancaster 001C,Carnforth
E02005221,Lancaster 001,E01025097,Lancaster 001C,Carnforth
E02005221,Lancaster 001,E01025097,Lancaster 001C,Carnforth
E02005221,Lancaster 001,E01025097,Lancaster 001C,Carnforth
E02005221,Lancaster 001,E01025098,Lancaster 001D,Carnforth
E02005221,Lancaster 001,E01025098,Lancaster 001D,Carnforth
E02005221,Lancaster 001,E01025098,Lancaster 001D,Carnforth
E02005221,Lancaster 001,E01025098,Lancaster 001D,Carnforth
E02005221,Lancaster 001,E01025148,Lancaster 001E,Silverdale
E02005221,Lancaster 001,E01025148,Lancaster 001E,Silverdale
E02005221,Lancaster 001,E01025148,Lancaster 001E,Silverdale
E02005221,Lancaster 001,E01025148,Lancaster 001E,Silverdale
E02005221,Lancaster 001,E01025148,Lancaster 001E,Silverdale
E02005221,Lancaster 001,E01025148,Lancaster 001E,Silverdale
E02005221,Lancaster 001,E01025148,Lancaster 001E,Silverdale
E02005221,Lancaster 001,E01025148,Lancaster 001E,Silverdale
E02005221,Lancaster 001,E01025168,Lancaster 001F,Warton
E02005221,Lancaster 001,E01025168,Lancaster 001F,Warton
E02005221,Lancaster 001,E01025168,Lancaster 001F,Warton
E02005221,Lancaster 001,E01025168,Lancaster 001F,Warton
E02005221,Lancaster 001,E01025169,Lancaster 001G,Warton
E02005221,Lancaster 001,E01025169,Lancaster 001G,Warton
E02005221,Lancaster 001,E01025169,Lancaster 001G,Warton
E02005221,Lancaster 001,E01025169,Lancaster 001G,Warton
E02005222,Lancaster 002,E01025130,Lancaster 002A,Kellet
E02005222,Lancaster 002,E01025130,Lancaster 002A,Kellet
E02005222,Lancaster 002,E01025130,Lancaster 002A,Kellet
E02005222,Lancaster 002,E01025130,Lancaster 002A,Kellet
E02005222,Lancaster 002,E01025130,Lancaster 002A,Kellet
E02005222,Lancaster 002,E01025130,Lancaster 002A,Kellet
E02005222,Lancaster 002,E01025130,Lancaster 002A,Kellet
E02005222,Lancaster 002,E01025130,Lancaster 002A,Kellet
E02005222,Lancaster 002,E01025132,Lancaster 002B,Lower Lune Valley
E02005222,Lancaster 002,E01025132,Lancaster 002B,Lower Lune Valley
E02005222,Lancaster 002,E01025132,Lancaster 002B,Lower Lune Valley
E02005222,Lancaster 002,E01025132,Lancaster 002B,Lower Lune Valley
E02005222,Lancaster 002,E01025132,Lancaster 002B,Lower Lune Valley
E02005222,Lancaster 002,E01025166,Lancaster 002C,Upper Lune Valley
E02005222,Lancaster 002,E01025166,Lancaster 002C,Upper Lune Valley
E02005222,Lancaster 002,E01025166,Lancaster 002C,Upper Lune Valley
E02005222,Lancaster 002,E01025166,Lancaster 002C,Upper Lune Valley
E02005222,Lancaster 002,E01025166,Lancaster 002C,Upper Lune Valley
E02005222,Lancaster 002,E01025167,Lancaster 002D,Upper Lune Valley
E02005222,Lancaster 002,E01025167,Lancaster 002D,Upper Lune Valley
E02005222,Lancaster 002,E01025167,Lancaster 002D,Upper Lune Valley
E02005222,Lancaster 002,E01025167,Lancaster 002D,Upper Lune Valley
E02005222,Lancaster 002,E01025167,Lancaster 002D,Upper Lune Valley
E02005223,Lancaster 003,E01025089,Lancaster 003A,Bolton-le-Sands
E02005223,Lancaster 003,E01025089,Lancaster 003A,Bolton-le-Sands
E02005223,Lancaster 003,E01025089,Lancaster 003A,Bolton-le-Sands
E02005223,Lancaster 003,E01025089,Lancaster 003A,Bolton-le-Sands
E02005223,Lancaster 003,E01025089,Lancaster 003A,Bolton-le-Sands
E02005223,Lancaster 003,E01025090,Lancaster 003B,Bolton-le-Sands
E02005223,Lancaster 003,E01025090,Lancaster 003B,Bolton-le-Sands
E02005223,Lancaster 003,E01025090,Lancaster 003B,Bolton-le-Sands
E02005223,Lancaster 003,E01025090,Lancaster 003B,Bolton-le-Sands
E02005223,Lancaster 003,E01025090,Lancaster 003B,Bolton-le-Sands
E02005223,Lancaster 003,E01025090,Lancaster 003B,Bolton-le-Sands
E02005223,Lancaster 003,E01025158,Lancaster 003C,Slyne-with-Hest
E02005223,Lancaster 003,E01025158,Lancaster 003C,Slyne-with-Hest
E02005223,Lancaster 003,E01025158,Lancaster 003C,Slyne-with-Hest
E02005223,Lancaster 003,E01025158,Lancaster 003C,Slyne-with-Hest
E02005223,Lancaster 003,E01025158,Lancaster 003C,Slyne-with-Hest
E02005223,Lancaster 003,E01025159,Lancaster 003D,Slyne-with-Hest
E02005223,Lancaster 003,E01025159,Lancaster 003D,Slyne-with-Hest
E02005223,Lancaster 003,E01025159,Lancaster 003D,Slyne-with-Hest
E02005223,Lancaster 003,E01025159,Lancaster 003D,Slyne-with-Hest
E02005223,Lancaster 003,E01025159,Lancaster 003D,Slyne-with-Hest
E02005223,Lancaster 003,E01025160,Lancaster 003E,Slyne-with-Hest
E02005223,Lancaster 003,E01025160,Lancaster 003E,Slyne-with-Hest
E02005223,Lancaster 003,E01025160,Lancaster 003E,Slyne-with-Hest
E02005223,Lancaster 003,E01025160,Lancaster 003E,Slyne-with-Hest
E02005223,Lancaster 003,E01025160,Lancaster 003E,Slyne-with-Hest
E02005224,Lancaster 004,E01025085,Lancaster 004A,Bare
E02005224,Lancaster 004,E01025085,Lancaster 004A,Bare
E02005224,Lancaster 004,E01025085,Lancaster 004A,Bare
E02005224,Lancaster 004,E01025085,Lancaster 004A,Bare
E02005224,Lancaster 004,E01025085,Lancaster 004A,Bare
E02005224,Lancaster 004,E01025086,Lancaster 004B,Bare
E02005224,Lancaster 004,E01025086,Lancaster 004B,Bare
E02005224,Lancaster 004,E01025086,Lancaster 004B,Bare
E02005224,Lancaster 004,E01025086,Lancaster 004B,Bare
E02005224,Lancaster 004,E01025086,Lancaster 004B,Bare
E02005224,Lancaster 004,E01025087,Lancaster 004C,Bare
E02005224,Lancaster 004,E01025087,Lancaster 004C,Bare
E02005224,Lancaster 004,E01025087,Lancaster 004C,Bare
E02005224,Lancaster 004,E01025087,Lancaster 004C,Bare
E02005224,Lancaster 004,E01025087,Lancaster 004C,Bare
E02005224,Lancaster 004,E01025161,Lancaster 004D,Torrisholme
E02005224,Lancaster 004,E01025161,Lancaster 004D,Torrisholme
E02005224,Lancaster 004,E01025161,Lancaster 004D,Torrisholme
E02005224,Lancaster 004,E01025161,Lancaster 004D,Torrisholme
E02005224,Lancaster 004,E01025161,Lancaster 004D,Torrisholme
E02005225,Lancaster 005,E01025108,Lancaster 005A,Halton-with-Aughton
E02005225,Lancaster 005,E01025108,Lancaster 005A,Halton-with-Aughton
E02005225,Lancaster 005,E01025108,Lancaster 005A,Halton-with-Aughton
E02005225,Lancaster 005,E01025108,Lancaster 005A,Halton-with-Aughton
E02005225,Lancaster 005,E01025109,Lancaster 005B,Halton-with-Aughton
E02005225,Lancaster 005,E01025109,Lancaster 005B,Halton-with-Aughton
E02005225,Lancaster 005,E01025109,Lancaster 005B,Halton-with-Aughton
E02005225,Lancaster 005,E01025109,Lancaster 005B,Halton-with-Aughton
E02005225,Lancaster 005,E01025131,Lancaster 005C,Lower Lune Valley
E02005225,Lancaster 005,E01025131,Lancaster 005C,Lower Lune Valley
E02005225,Lancaster 005,E01025131,Lancaster 005C,Lower Lune Valley
E02005225,Lancaster 005,E01025131,Lancaster 005C,Lower Lune Valley
E02005225,Lancaster 005,E01025131,Lancaster 005C,Lower Lune Valley
E02005225,Lancaster 005,E01025133,Lancaster 005D,Lower Lune Valley
E02005225,Lancaster 005,E01025133,Lancaster 005D,Lower Lune Valley
E02005225,Lancaster 005,E01025133,Lancaster 005D,Lower Lune Valley
E02005225,Lancaster 005,E01025133,Lancaster 005D,Lower Lune Valley
E02005225,Lancaster 005,E01025133,Lancaster 005D,Lower Lune Valley
E02005226,Lancaster 006,E01025112,Lancaster 006A,Harbour
E02005226,Lancaster 006,E01025112,Lancaster 006A,Harbour
E02005226,Lancaster 006,E01025112,Lancaster 006A,Harbour
E02005226,Lancaster 006,E01025112,Lancaster 006A,Harbour
E02005226,Lancaster 006,E01025112,Lancaster 006A,Harbour
E02005226,Lancaster 006,E01025112,Lancaster 006A,Harbour
E02005226,Lancaster 006,E01025136,Lancaster 006B,Poulton
E02005226,Lancaster 006,E01025136,Lancaster 006B,Poulton
E02005226,Lancaster 006,E01025136,Lancaster 006B,Poulton
E02005226,Lancaster 006,E01025136,Lancaster 006B,Poulton
E02005226,Lancaster 006,E01025136,Lancaster 006B,Poulton
E02005226,Lancaster 006,E01025136,Lancaster 006B,Poulton
E02005226,Lancaster 006,E01025138,Lancaster 006C,Poulton
E02005226,Lancaster 006,E01025138,Lancaster 006C,Poulton
E02005226,Lancaster 006,E01025138,Lancaster 006C,Poulton
E02005226,Lancaster 006,E01025138,Lancaster 006C,Poulton
E02005226,Lancaster 006,E01025138,Lancaster 006C,Poulton
E02005226,Lancaster 006,E01025139,Lancaster 006D,Poulton
E02005226,Lancaster 006,E01025139,Lancaster 006D,Poulton
E02005226,Lancaster 006,E01025139,Lancaster 006D,Poulton
E02005226,Lancaster 006,E01025139,Lancaster 006D,Poulton
E02005226,Lancaster 006,E01025139,Lancaster 006D,Poulton
E02005226,Lancaster 006,E01025139,Lancaster 006D,Poulton
E02005226,Lancaster 006,E01025140,Lancaster 006E,Poulton
E02005226,Lancaster 006,E01025140,Lancaster 006E,Poulton
E02005226,Lancaster 006,E01025140,Lancaster 006E,Poulton
E02005226,Lancaster 006,E01025140,Lancaster 006E,Poulton
E02005226,Lancaster 006,E01025140,Lancaster 006E,Poulton
E02005226,Lancaster 006,E01025140,Lancaster 006E,Poulton
E02005227,Lancaster 007,E01025137,Lancaster 007A,Poulton
E02005227,Lancaster 007,E01025137,Lancaster 007A,Poulton
E02005227,Lancaster 007,E01025137,Lancaster 007A,Poulton
E02005227,Lancaster 007,E01025137,Lancaster 007A,Poulton
E02005227,Lancaster 007,E01025137,Lancaster 007A,Poulton
E02005227,Lancaster 007,E01025162,Lancaster 007B,Torrisholme
E02005227,Lancaster 007,E01025162,Lancaster 007B,Torrisholme
E02005227,Lancaster 007,E01025162,Lancaster 007B,Torrisholme
E02005227,Lancaster 007,E01025162,Lancaster 007B,Torrisholme
E02005227,Lancaster 007,E01025162,Lancaster 007B,Torrisholme
E02005227,Lancaster 007,E01025162,Lancaster 007B,Torrisholme
E02005227,Lancaster 007,E01025163,Lancaster 007C,Torrisholme
E02005227,Lancaster 007,E01025163,Lancaster 007C,Torrisholme
E02005227,Lancaster 007,E01025163,Lancaster 007C,Torrisholme
E02005227,Lancaster 007,E01025163,Lancaster 007C,Torrisholme
E02005227,Lancaster 007,E01025163,Lancaster 007C,Torrisholme
E02005227,Lancaster 007,E01025164,Lancaster 007D,Torrisholme
E02005227,Lancaster 007,E01025164,Lancaster 007D,Torrisholme
E02005227,Lancaster 007,E01025164,Lancaster 007D,Torrisholme
E02005227,Lancaster 007,E01025164,Lancaster 007D,Torrisholme
E02005227,Lancaster 007,E01025164,Lancaster 007D,Torrisholme
E02005227,Lancaster 007,E01025165,Lancaster 007E,Torrisholme
E02005227,Lancaster 007,E01025165,Lancaster 007E,Torrisholme
E02005227,Lancaster 007,E01025165,Lancaster 007E,Torrisholme
E02005227,Lancaster 007,E01025165,Lancaster 007E,Torrisholme
E02005228,Lancaster 008,E01025111,Lancaster 008A,Harbour
E02005228,Lancaster 008,E01025111,Lancaster 008A,Harbour
E02005228,Lancaster 008,E01025111,Lancaster 008A,Harbour
E02005228,Lancaster 008,E01025111,Lancaster 008A,Harbour
E02005228,Lancaster 008,E01025111,Lancaster 008A,Harbour
E02005228,Lancaster 008,E01025111,Lancaster 008A,Harbour
E02005228,Lancaster 008,E01025113,Lancaster 008B,Harbour
E02005228,Lancaster 008,E01025113,Lancaster 008B,Harbour
E02005228,Lancaster 008,E01025113,Lancaster 008B,Harbour
E02005228,Lancaster 008,E01025113,Lancaster 008B,Harbour
E02005228,Lancaster 008,E01025113,Lancaster 008B,Harbour
E02005228,Lancaster 008,E01025118,Lancaster 008C,Heysham North
E02005228,Lancaster 008,E01025118,Lancaster 008C,Heysham North
E02005228,Lancaster 008,E01025118,Lancaster 008C,Heysham North
E02005228,Lancaster 008,E01025118,Lancaster 008C,Heysham North
E02005228,Lancaster 008,E01025119,Lancaster 008D,Heysham North
E02005228,Lancaster 008,E01025119,Lancaster 008D,Heysham North
E02005228,Lancaster 008,E01025119,Lancaster 008D,Heysham North
E02005228,Lancaster 008,E01025119,Lancaster 008D,Heysham North
E02005228,Lancaster 008,E01025119,Lancaster 008D,Heysham North
E02005229,Lancaster 009,E01025110,Lancaster 009A,Harbour
E02005229,Lancaster 009,E01025110,Lancaster 009A,Harbour
E02005229,Lancaster 009,E01025110,Lancaster 009A,Harbour
E02005229,Lancaster 009,E01025110,Lancaster 009A,Harbour
E02005229,Lancaster 009,E01025110,Lancaster 009A,Harbour
E02005229,Lancaster 009,E01025110,Lancaster 009A,Harbour
E02005229,Lancaster 009,E01025110,Lancaster 009A,Harbour
E02005229,Lancaster 009,E01025116,Lancaster 009B,Heysham Central
E02005229,Lancaster 009,E01025116,Lancaster 009B,Heysham Central
E02005229,Lancaster 009,E01025116,Lancaster 009B,Heysham Central
E02005229,Lancaster 009,E01025116,Lancaster 009B,Heysham Central
E02005229,Lancaster 009,E01025116,Lancaster 009B,Heysham Central
E02005229,Lancaster 009,E01025117,Lancaster 009C,Heysham North
E02005229,Lancaster 009,E01025117,Lancaster 009C,Heysham North
E02005229,Lancaster 009,E01025117,Lancaster 009C,Heysham North
E02005229,Lancaster 009,E01025117,Lancaster 009C,Heysham North
E02005229,Lancaster 009,E01025117,Lancaster 009C,Heysham North
E02005229,Lancaster 009,E01025117,Lancaster 009C,Heysham North
E02005229,Lancaster 009,E01025120,Lancaster 009D,Heysham North
E02005229,Lancaster 009,E01025120,Lancaster 009D,Heysham North
E02005229,Lancaster 009,E01025120,Lancaster 009D,Heysham North
E02005229,Lancaster 009,E01025120,Lancaster 009D,Heysham North
E02005229,Lancaster 009,E01025120,Lancaster 009D,Heysham North
E02005230,Lancaster 010,E01025170,Lancaster 010A,Westgate
E02005230,Lancaster 010,E01025170,Lancaster 010A,Westgate
E02005230,Lancaster 010,E01025170,Lancaster 010A,Westgate
E02005230,Lancaster 010,E01025170,Lancaster 010A,Westgate
E02005230,Lancaster 010,E01025170,Lancaster 010A,Westgate
E02005230,Lancaster 010,E01025170,Lancaster 010A,Westgate
E02005230,Lancaster 010,E01025170,Lancaster 010A,Westgate
E02005230,Lancaster 010,E01025171,Lancaster 010B,Westgate
E02005230,Lancaster 010,E01025171,Lancaster 010B,Westgate
E02005230,Lancaster 010,E01025171,Lancaster 010B,Westgate
E02005230,Lancaster 010,E01025171,Lancaster 010B,Westgate
E02005230,Lancaster 010,E01025171,Lancaster 010B,Westgate
E02005230,Lancaster 010,E01025171,Lancaster 010B,Westgate
E02005230,Lancaster 010,E01025172,Lancaster 010C,Westgate
E02005230,Lancaster 010,E01025172,Lancaster 010C,Westgate
E02005230,Lancaster 010,E01025172,Lancaster 010C,Westgate
E02005230,Lancaster 010,E01025172,Lancaster 010C,Westgate
E02005230,Lancaster 010,E01025172,Lancaster 010C,Westgate
E02005230,Lancaster 010,E01025173,Lancaster 010D,Westgate
E02005230,Lancaster 010,E01025173,Lancaster 010D,Westgate
E02005230,Lancaster 010,E01025173,Lancaster 010D,Westgate
E02005230,Lancaster 010,E01025173,Lancaster 010D,Westgate
E02005230,Lancaster 010,E01025173,Lancaster 010D,Westgate
E02005230,Lancaster 010,E01025173,Lancaster 010D,Westgate
E02005231,Lancaster 011,E01025149,Lancaster 011A,Skerton East
E02005231,Lancaster 011,E01025149,Lancaster 011A,Skerton East
E02005231,Lancaster 011,E01025149,Lancaster 011A,Skerton East
E02005231,Lancaster 011,E01025149,Lancaster 011A,Skerton East
E02005231,Lancaster 011,E01025149,Lancaster 011A,Skerton East
E02005231,Lancaster 011,E01025149,Lancaster 011A,Skerton East
E02005231,Lancaster 011,E01025149,Lancaster 011A,Skerton East
E02005231,Lancaster 011,E01025150,Lancaster 011B,Skerton East
E02005231,Lancaster 011,E01025150,Lancaster 011B,Skerton East
E02005231,Lancaster 011,E01025150,Lancaster 011B,Skerton East
E02005231,Lancaster 011,E01025150,Lancaster 011B,Skerton East
E02005231,Lancaster 011,E01025150,Lancaster 011B,Skerton East
E02005231,Lancaster 011,E01025151,Lancaster 011C,Skerton East
E02005231,Lancaster 011,E01025151,Lancaster 011C,Skerton East
E02005231,Lancaster 011,E01025151,Lancaster 011C,Skerton East
E02005231,Lancaster 011,E01025151,Lancaster 011C,Skerton East
E02005231,Lancaster 011,E01025151,Lancaster 011C,Skerton East
E02005231,Lancaster 011,E01025151,Lancaster 011C,Skerton East
E02005231,Lancaster 011,E01025152,Lancaster 011D,Skerton East
E02005231,Lancaster 011,E01025152,Lancaster 011D,Skerton East
E02005231,Lancaster 011,E01025152,Lancaster 011D,Skerton East
E02005231,Lancaster 011,E01025152,Lancaster 011D,Skerton East
E02005231,Lancaster 011,E01025152,Lancaster 011D,Skerton East
E02005231,Lancaster 011,E01025154,Lancaster 011E,Skerton West
E02005231,Lancaster 011,E01025154,Lancaster 011E,Skerton West
E02005231,Lancaster 011,E01025154,Lancaster 011E,Skerton West
E02005231,Lancaster 011,E01025154,Lancaster 011E,Skerton West
E02005231,Lancaster 011,E01025154,Lancaster 011E,Skerton West
E02005232,Lancaster 012,E01025153,Lancaster 012A,Skerton West
E02005232,Lancaster 012,E01025153,Lancaster 012A,Skerton West
E02005232,Lancaster 012,E01025153,Lancaster 012A,Skerton West
E02005232,Lancaster 012,E01025153,Lancaster 012A,Skerton West
E02005232,Lancaster 012,E01025155,Lancaster 012B,Skerton West
E02005232,Lancaster 012,E01025155,Lancaster 012B,Skerton West
E02005232,Lancaster 012,E01025155,Lancaster 012B,Skerton West
E02005232,Lancaster 012,E01025155,Lancaster 012B,Skerton West
E02005232,Lancaster 012,E01025156,Lancaster 012C,Skerton West
E02005232,Lancaster 012,E01025156,Lancaster 012C,Skerton West
E02005232,Lancaster 012,E01025156,Lancaster 012C,Skerton West
E02005232,Lancaster 012,E01025156,Lancaster 012C,Skerton West
E02005232,Lancaster 012,E01025157,Lancaster 012D,Skerton West
E02005232,Lancaster 012,E01025157,Lancaster 012D,Skerton West
E02005232,Lancaster 012,E01025157,Lancaster 012D,Skerton West
E02005232,Lancaster 012,E01025157,Lancaster 012D,Skerton West
E02005232,Lancaster 012,E01025157,Lancaster 012D,Skerton West
E02005233,Lancaster 013,E01025091,Lancaster 013A,Bulk
E02005233,Lancaster 013,E01025091,Lancaster 013A,Bulk
E02005233,Lancaster 013,E01025091,Lancaster 013A,Bulk
E02005233,Lancaster 013,E01025091,Lancaster 013A,Bulk
E02005233,Lancaster 013,E01025091,Lancaster 013A,Bulk
E02005233,Lancaster 013,E01025092,Lancaster 013B,Bulk
E02005233,Lancaster 013,E01025092,Lancaster 013B,Bulk
E02005233,Lancaster 013,E01025092,Lancaster 013B,Bulk
E02005233,Lancaster 013,E01025092,Lancaster 013B,Bulk
E02005233,Lancaster 013,E01025095,Lancaster 013C,Bulk
E02005233,Lancaster 013,E01025095,Lancaster 013C,Bulk
E02005233,Lancaster 013,E01025095,Lancaster 013C,Bulk
E02005233,Lancaster 013,E01025095,Lancaster 013C,Bulk
E02005233,Lancaster 013,E01025126,Lancaster 013D,John O`Gaunt
E02005233,Lancaster 013,E01025126,Lancaster 013D,John O`Gaunt
E02005233,Lancaster 013,E01025126,Lancaster 013D,John O`Gaunt
E02005233,Lancaster 013,E01025126,Lancaster 013D,John O`Gaunt
E02005233,Lancaster 013,E01025126,Lancaster 013D,John O`Gaunt
E02005234,Lancaster 014,E01025093,Lancaster 014A,Bulk
E02005234,Lancaster 014,E01025093,Lancaster 014A,Bulk
E02005234,Lancaster 014,E01025093,Lancaster 014A,Bulk
E02005234,Lancaster 014,E01025093,Lancaster 014A,Bulk
E02005234,Lancaster 014,E01025094,Lancaster 014B,Bulk
E02005234,Lancaster 014,E01025094,Lancaster 014B,Bulk
E02005234,Lancaster 014,E01025094,Lancaster 014B,Bulk
E02005234,Lancaster 014,E01025094,Lancaster 014B,Bulk
E02005234,Lancaster 014,E01025094,Lancaster 014B,Bulk
E02005234,Lancaster 014,E01025099,Lancaster 014C,Castle
E02005234,Lancaster 014,E01025099,Lancaster 014C,Castle
E02005234,Lancaster 014,E01025099,Lancaster 014C,Castle
E02005234,Lancaster 014,E01025099,Lancaster 014C,Castle
E02005234,Lancaster 014,E01025099,Lancaster 014C,Castle
E02005234,Lancaster 014,E01025104,Lancaster 014D,Duke`s
E02005234,Lancaster 014,E01025104,Lancaster 014D,Duke`s
E02005234,Lancaster 014,E01025104,Lancaster 014D,Duke`s
E02005234,Lancaster 014,E01025104,Lancaster 014D,Duke`s
E02005234,Lancaster 014,E01025104,Lancaster 014D,Duke`s
E02005234,Lancaster 014,E01025104,Lancaster 014D,Duke`s
E02005234,Lancaster 014,E01025104,Lancaster 014D,Duke`s
E02005234,Lancaster 014,E01025104,Lancaster 014D,Duke`s
E02005235,Lancaster 015,E01025125,Lancaster 015A,John O`Gaunt
E02005235,Lancaster 015,E01025125,Lancaster 015A,John O`Gaunt
E02005235,Lancaster 015,E01025125,Lancaster 015A,John O`Gaunt
E02005235,Lancaster 015,E01025128,Lancaster 015B,John O`Gaunt
E02005235,Lancaster 015,E01025128,Lancaster 015B,John O`Gaunt
E02005235,Lancaster 015,E01025128,Lancaster 015B,John O`Gaunt
E02005235,Lancaster 015,E01025128,Lancaster 015B,John O`Gaunt
E02005235,Lancaster 015,E01025128,Lancaster 015B,John O`Gaunt
E02005235,Lancaster 015,E01025129,Lancaster 015C,John O`Gaunt
E02005235,Lancaster 015,E01025129,Lancaster 015C,John O`Gaunt
E02005235,Lancaster 015,E01025129,Lancaster 015C,John O`Gaunt
E02005235,Lancaster 015,E01025129,Lancaster 015C,John O`Gaunt
E02005235,Lancaster 015,E01025147,Lancaster 015D,Scotforth West
E02005235,Lancaster 015,E01025147,Lancaster 015D,Scotforth West
E02005235,Lancaster 015,E01025147,Lancaster 015D,Scotforth West
E02005235,Lancaster 015,E01025147,Lancaster 015D,Scotforth West
E02005235,Lancaster 015,E01025147,Lancaster 015D,Scotforth West
E02005236,Lancaster 016,E01025114,Lancaster 016A,Heysham Central
E02005236,Lancaster 016,E01025114,Lancaster 016A,Heysham Central
E02005236,Lancaster 016,E01025114,Lancaster 016A,Heysham Central
E02005236,Lancaster 016,E01025114,Lancaster 016A,Heysham Central
E02005236,Lancaster 016,E01025114,Lancaster 016A,Heysham Central
E02005236,Lancaster 016,E01025114,Lancaster 016A,Heysham Central
E02005236,Lancaster 016,E01025115,Lancaster 016B,Heysham Central
E02005236,Lancaster 016,E01025115,Lancaster 016B,Heysham Central
E02005236,Lancaster 016,E01025115,Lancaster 016B,Heysham Central
E02005236,Lancaster 016,E01025115,Lancaster 016B,Heysham Central
E02005236,Lancaster 016,E01025115,Lancaster 016B,Heysham Central
E02005236,Lancaster 016,E01025121,Lancaster 016C,Heysham South
E02005236,Lancaster 016,E01025121,Lancaster 016C,Heysham South
E02005236,Lancaster 016,E01025121,Lancaster 016C,Heysham South
E02005236,Lancaster 016,E01025121,Lancaster 016C,Heysham South
E02005236,Lancaster 016,E01025121,Lancaster 016C,Heysham South
E02005236,Lancaster 016,E01025122,Lancaster 016D,Heysham South
E02005236,Lancaster 016,E01025122,Lancaster 016D,Heysham South
E02005236,Lancaster 016,E01025122,Lancaster 016D,Heysham South
E02005236,Lancaster 016,E01025122,Lancaster 016D,Heysham South
E02005236,Lancaster 016,E01025122,Lancaster 016D,Heysham South
E02005236,Lancaster 016,E01025122,Lancaster 016D,Heysham South
E02005236,Lancaster 016,E01025123,Lancaster 016E,Heysham South
E02005236,Lancaster 016,E01025123,Lancaster 016E,Heysham South
E02005236,Lancaster 016,E01025123,Lancaster 016E,Heysham South
E02005236,Lancaster 016,E01025123,Lancaster 016E,Heysham South
E02005236,Lancaster 016,E01025123,Lancaster 016E,Heysham South
E02005236,Lancaster 016,E01025124,Lancaster 016F,Heysham South
E02005236,Lancaster 016,E01025124,Lancaster 016F,Heysham South
E02005236,Lancaster 016,E01025124,Lancaster 016F,Heysham South
E02005236,Lancaster 016,E01025124,Lancaster 016F,Heysham South
E02005236,Lancaster 016,E01025124,Lancaster 016F,Heysham South
E02005236,Lancaster 016,E01025134,Lancaster 016G,Overton
E02005236,Lancaster 016,E01025134,Lancaster 016G,Overton
E02005236,Lancaster 016,E01025134,Lancaster 016G,Overton
E02005236,Lancaster 016,E01025134,Lancaster 016G,Overton
E02005236,Lancaster 016,E01025135,Lancaster 016H,Overton
E02005236,Lancaster 016,E01025135,Lancaster 016H,Overton
E02005236,Lancaster 016,E01025135,Lancaster 016H,Overton
E02005236,Lancaster 016,E01025135,Lancaster 016H,Overton
E02005236,Lancaster 016,E01025135,Lancaster 016H,Overton
E02005237,Lancaster 017,E01025100,Lancaster 017A,Castle
E02005237,Lancaster 017,E01025100,Lancaster 017A,Castle
E02005237,Lancaster 017,E01025100,Lancaster 017A,Castle
E02005237,Lancaster 017,E01025100,Lancaster 017A,Castle
E02005237,Lancaster 017,E01025100,Lancaster 017A,Castle
E02005237,Lancaster 017,E01025101,Lancaster 017B,Castle
E02005237,Lancaster 017,E01025101,Lancaster 017B,Castle
E02005237,Lancaster 017,E01025101,Lancaster 017B,Castle
E02005237,Lancaster 017,E01025101,Lancaster 017B,Castle
E02005237,Lancaster 017,E01025101,Lancaster 017B,Castle
E02005237,Lancaster 017,E01025102,Lancaster 017C,Castle
E02005237,Lancaster 017,E01025102,Lancaster 017C,Castle
E02005237,Lancaster 017,E01025102,Lancaster 017C,Castle
E02005237,Lancaster 017,E01025102,Lancaster 017C,Castle
E02005237,Lancaster 017,E01025103,Lancaster 017D,Castle
E02005237,Lancaster 017,E01025103,Lancaster 017D,Castle
E02005237,Lancaster 017,E01025103,Lancaster 017D,Castle
E02005237,Lancaster 017,E01025103,Lancaster 017D,Castle
E02005237,Lancaster 017,E01025144,Lancaster 017E,Scotforth West
E02005237,Lancaster 017,E01025144,Lancaster 017E,Scotforth West
E02005237,Lancaster 017,E01025144,Lancaster 017E,Scotforth West
E02005237,Lancaster 017,E01025144,Lancaster 017E,Scotforth West
E02005237,Lancaster 017,E01025144,Lancaster 017E,Scotforth West
E02005237,Lancaster 017,E01025144,Lancaster 017E,Scotforth West
E02005237,Lancaster 017,E01025146,Lancaster 017F,Scotforth West
E02005237,Lancaster 017,E01025146,Lancaster 017F,Scotforth West
E02005237,Lancaster 017,E01025146,Lancaster 017F,Scotforth West
E02005237,Lancaster 017,E01025146,Lancaster 017F,Scotforth West
E02005237,Lancaster 017,E01025146,Lancaster 017F,Scotforth West
E02005237,Lancaster 017,E01025146,Lancaster 017F,Scotforth West
E02005238,Lancaster 018,E01025127,Lancaster 018A,John O`Gaunt
E02005238,Lancaster 018,E01025127,Lancaster 018A,John O`Gaunt
E02005238,Lancaster 018,E01025127,Lancaster 018A,John O`Gaunt
E02005238,Lancaster 018,E01025127,Lancaster 018A,John O`Gaunt
E02005238,Lancaster 018,E01025127,Lancaster 018A,John O`Gaunt
E02005238,Lancaster 018,E01025141,Lancaster 018B,Scotforth East
E02005238,Lancaster 018,E01025141,Lancaster 018B,Scotforth East
E02005238,Lancaster 018,E01025141,Lancaster 018B,Scotforth East
E02005238,Lancaster 018,E01025141,Lancaster 018B,Scotforth East
E02005238,Lancaster 018,E01025141,Lancaster 018B,Scotforth East
E02005238,Lancaster 018,E01025143,Lancaster 018C,Scotforth East
E02005238,Lancaster 018,E01025143,Lancaster 018C,Scotforth East
E02005238,Lancaster 018,E01025143,Lancaster 018C,Scotforth East
E02005238,Lancaster 018,E01025143,Lancaster 018C,Scotforth East
E02005238,Lancaster 018,E01025143,Lancaster 018C,Scotforth East
E02005238,Lancaster 018,E01025145,Lancaster 018D,Scotforth West
E02005238,Lancaster 018,E01025145,Lancaster 018D,Scotforth West
E02005238,Lancaster 018,E01025145,Lancaster 018D,Scotforth West
E02005238,Lancaster 018,E01025145,Lancaster 018D,Scotforth West
E02005238,Lancaster 018,E01025145,Lancaster 018D,Scotforth West
E02005239,Lancaster 019,E01025105,Lancaster 019A,Ellel
E02005239,Lancaster 019,E01025105,Lancaster 019A,Ellel
E02005239,Lancaster 019,E01025105,Lancaster 019A,Ellel
E02005239,Lancaster 019,E01025105,Lancaster 019A,Ellel
E02005239,Lancaster 019,E01025106,Lancaster 019B,Ellel
E02005239,Lancaster 019,E01025106,Lancaster 019B,Ellel
E02005239,Lancaster 019,E01025106,Lancaster 019B,Ellel
E02005239,Lancaster 019,E01025106,Lancaster 019B,Ellel
E02005239,Lancaster 019,E01025106,Lancaster 019B,Ellel
E02005239,Lancaster 019,E01025106,Lancaster 019B,Ellel
E02005239,Lancaster 019,E01025107,Lancaster 019C,Ellel
E02005239,Lancaster 019,E01025107,Lancaster 019C,Ellel
E02005239,Lancaster 019,E01025107,Lancaster 019C,Ellel
E02005239,Lancaster 019,E01025107,Lancaster 019C,Ellel
E02005239,Lancaster 019,E01025107,Lancaster 019C,Ellel
E02005239,Lancaster 019,E01025142,Lancaster 019D,Scotforth East
E02005239,Lancaster 019,E01025142,Lancaster 019D,Scotforth East
E02005239,Lancaster 019,E01025142,Lancaster 019D,Scotforth East
E02005239,Lancaster 019,E01025142,Lancaster 019D,Scotforth East
E02005239,Lancaster 019,E01025142,Lancaster 019D,Scotforth East
